title,company,location,job_type,salary,job_url,posted_date,work_mode,level,domain
Junior Content Writer,Haypp Group,Arlington,Internship,Not Disclosed,https://www.linkedin.com/jobs/view/junior-content-writer-at-haypp-group-4390748116,2026-03-27T00:00:00.000Z,On-site,Junior,Marketing
Asset Protection Associate - Wheaton Plaza,Jcpenney,Silver Spring,Full-time,Not Disclosed,https://www.whatjobs.com/jobs/asset-protection-associate-wheaton/silver-spring-maryland?id=2585044637,2026-03-27T00:00:00.000Z,On-site,Junior,General
Electrical Utility Maintenance Tech-At,"Nri, Inc",Washington,Full-time,22,https://jobs.nri-staffing.com/jb/Electrical-Utility-Maintenance-Tech-AT-Jobs-in-District-of-Columbia-District-Of-Columbia/13956699,2026-03-27T00:00:00.000Z,On-site,Not Specified,Data Science & AI
Director Of Population Health,Chamber Cardio,Washington,Full-time,Not Disclosed,https://www.indeed.com/viewjob?jk=0413fd15feca3220,Not Available,On-site,Senior,General
Prek3–Prek4 Lead Teacher: Inspire Early Growth,Friendship Public Charter School,Washington,Full-time,50K–70K a year,https://www.jobleads.com/us/job/prek3-prek4-lead-teacher-inspire-early-growth--washington--e2a14dfe3f85e1040169a0a8ca9f41260,2026-03-25T00:00:00.000Z,On-site,Senior,Marketing
Radiology Ultrasound General (Travel Assignment),Getmed Staffing,Alexandria,Full-time and Contractor,3224,https://www.getmedstaffing.com/jobs/36269862,2026-03-27T00:00:00.000Z,On-site,Not Specified,General
Summer Camp General Counselor-Youth Teens And Family Camps,Arlington County Parks And Recreation,Arlington,Part-time,Not Disclosed,https://jobboard.arlingtonva.us/job/cfwz5v/summer-camp-general-counselor-youth-teens-and-family-camps/arlington/va,2026-03-19T00:00:00.000Z,On-site,Not Specified,General
Human Resources And Management Services Management Analyst (Contract Contingent - Location Negoti...,Prosidian Consulting,Washington,Full-time,Not Disclosed,"https://www.ziprecruiter.com/c/ProSidian-Consulting/Job/Human-Resources-and-Management-Services-Management-Analyst-(Contract-Contingent-Location-Negoti.../-in-Washington,DC?jid=d500781c7ea6a14c",Not Available,On-site,Not Specified,General
Storage And Backup Engineer - 1 Opening,Abbtech Professional Resources,Washington,Full-time,90K–120K a year,https://www.theladders.com/job/storage-and-backup-engineer-1-opening-abbtechprofessionaesinclresourc-washington-dc_83991913,Not Available,On-site,Not Specified,General
"Senior Tax Associate, Corporate, Income Franchise | Mclean, Va, Usa",Capital One Financial Corporation,Mclean,Full-time,Not Disclosed,https://www.efinancialcareers.com/jobs-USA-VA-McLean-Senior_Tax_Associate_Corporate_Income_Franchise.id24029091,2026-03-26T00:00:00.000Z,On-site,Senior,General
Fire/Security Alarm Installation Technician,"Wachter, Inc.",Alexandria,Full-time,Not Disclosed,https://www.indeed.com/viewjob?jk=e8143515be9bdedd&utm_campaign=google_jobs_apply&utm_source=google_jobs_apply&utm_medium=organic,2026-03-13T00:00:00.000Z,On-site,Not Specified,General
Junior Ics Threat Intelligence Analyst,Peraton,Arlington,Full-time,Not Disclosed,https://www.jobleads.com/us/job/junior-ics-threat-intelligence-analyst--arlington--eed8f8ff71314cf30777908ceb4bc1d93?utm_campaign=google_jobs_apply&utm_source=google_jobs_apply&utm_medium=organic,2026-03-22T00:00:00.000Z,On-site,Junior,HR & People
Complex Director Of Engineering,Washington Marriott Capitol Hill,Washington,Full-time,Not Disclosed,https://lensa.com/job-v1/washington-marriott-capitol-hill/washington-dc/director-of-engineering/ff89c6626439f411213c0fbfd828e836?utm_campaign=google_jobs_apply&utm_source=google_jobs_apply&utm_medium=organic,Not Available,On-site,Senior,General
Sales Associate - Pt,General Nutrition Centers,Bailey'S Crossroads,Part-time,Not Disclosed,"https://www.ziprecruiter.com/c/GNC/Job/Sales-Associate-PT/-in-Falls-Church,VA?jid=41eefa06d2e5f754&utm_campaign=google_jobs_apply&utm_source=google_jobs_apply&utm_medium=organic",2026-03-23T00:00:00.000Z,On-site,Junior,Sales
Adjunct Professor Architecture Engineering Technology Cad,University Of The District Of Columbia,Washington,Part-time,Not Disclosed,https://udc.applicantstack.com/x/detail/a2hbyxhxqpg0?utm_campaign=google_jobs_apply&utm_source=google_jobs_apply&utm_medium=organic,Not Available,On-site,Not Specified,General
Clinical Liaison,Inova Specialty Hospital,Alexandria,Full-time,Not Disclosed,https://www.indeed.com/viewjob?jk=885d83186ff9b897&utm_campaign=google_jobs_apply&utm_source=google_jobs_apply&utm_medium=organic,2026-03-11T00:00:00.000Z,On-site,Not Specified,Data Science & AI
Dedicated Aide,Staffvengers,Greater Landover,Full-time,Not Disclosed,"https://www.glassdoor.com/job-listing/dedicated-aide-staffvengers-JV_IC1165886_KO0,14_KE15,27.htm?jl=1010061224448&utm_campaign=google_jobs_apply&utm_source=google_jobs_apply&utm_medium=organic",2026-03-10T00:00:00.000Z,On-site,Not Specified,Data Science & AI
"Central Access Associate - Fredericksburg Clinic - Job Location: Fredericksburg, Va",Rappahannock Area Community Services Board,Alexandria,Full-time,Not Disclosed,"https://www.ziprecruiter.com/c/Rappahannock-Area-Community-Services-Board/Job/Central-Access-Associate-Fredericksburg-Clinic-Job-Location:-Fredericksburg,-VA/-in-Alexandria,VA?jid=22c5e672e80b7f89&utm_campaign=google_jobs_apply&utm_source=google_jobs_apply&utm_medium=organic",2026-03-26T00:00:00.000Z,On-site,Junior,General
All-Source Analyst Senior Jobs,Venatore,Fort Belvoir,Full-time,Not Disclosed,https://www.clearancejobs.com/jobs/8820755/all-source-analyst-senior?utm_campaign=google_jobs_apply&utm_source=google_jobs_apply&utm_medium=organic,2026-03-26T00:00:00.000Z,On-site,Senior,General
Delivery Driver - No Cdl (Commercial Driver'S License) Needed,Doordash,Colesville,Full-time and Part-time,Not Disclosed,https://jobs.womenforhire.com/job/usa/colesville-md/drive-with-doordash-no-cdl-license-needed-160105/?utm_campaign=google_jobs_apply&utm_source=google_jobs_apply&utm_medium=organic,2026-03-24T00:00:00.000Z,On-site,Not Specified,General
Respiratory Therapist - Acute Care,Select Specialty,Alexandria,Full-time and Contractor,Not Disclosed,https://www.adzuna.com/details/5680023288,2026-03-27T00:00:00.000Z,On-site,Not Specified,General
Customer Support Specialist,Confidential,Burke,Full-time,Not Disclosed,"https://www.glassdoor.com/job-listing/customer-support-specialist-confidential-JV_IC1130347_KO0,27_KE28,40.htm?jl=1010075964657",2026-03-24T00:00:00.000Z,On-site,Not Specified,General
U.S. Navy,U.S. Navy,Chesapeake Beach,Full-time,Not Disclosed,https://www.careersingovernment.com/job/981153/aviation-operations-support-enlisted/,2026-03-25T00:00:00.000Z,On-site,Not Specified,General
Lpn - Schools,American Medical Staffing,Brentwood,Full-time,1275,https://americanmedicalstaffing.com/gfj/lpn-schools-brentwood-md-690dff82e3761529b468fa88,2026-03-25T00:00:00.000Z,On-site,Not Specified,General
"Data Architect, Sme",Peraton,Herndon,Full-time,146K–234K a year,https://www.careers.peraton.com/jobs/data-architect-sme-herndon-virginia-165024-jobs--information-technology--,2026-03-25T00:00:00.000Z,On-site,Not Specified,General
Email Operations Intern,Leidos,Herndon,Internship,Not Disclosed,https://careers.leidos.com/jobs/17537517-email-operations-intern,2026-03-26T00:00:00.000Z,On-site,Junior,Data Science & AI
"Travel - Step Down - Nurse Job - $1,966/Wk - $2,196/Wk",Aya Healthcare,Alexandria,Part-time,Not Disclosed,https://www.linkedin.com/jobs/view/travel-step-down-nurse-job-%241-966-wk-%242-196-wk-at-aya-healthcare-4385801152,2026-03-14T00:00:00.000Z,On-site,Not Specified,General
"Shift Supervisor - Store# 02769, Amyclae",Starbucks Coffee Company,Bel Air,Full-time,Not Disclosed,https://apply.starbucks.com/careers/job/481077313808-shift-supervisor-store-02769-amyclae-1200-agora-dr-bel-air-maryland-united-states?domain=starbucks.com,2026-03-19T00:00:00.000Z,On-site,Not Specified,General
"Border Patrol Agent – Earn Up To $30,000 In Recruitment Incentives",U.S. Customs And Border Protection,Bladensburg,Full-time,Not Disclosed,https://talents.vaia.com/companies/u-s-customs-and-border-protection/border-patrol-agent-earn-up-to-30000-in-recruitment-incentives-26812609/,Not Available,On-site,Not Specified,HR & People
Pt Night Crew Clerk - Grocery,Giant Food,Dale City,Part-time,16.25–19.50 an hour,"https://www.glassdoor.com/job-listing/pt-night-crew-clerk-grocery-giant-food-JV_IC1158514_KO0,27_KE28,38.htm?jl=1009804449651",2026-03-08T00:00:00.000Z,On-site,Not Specified,General
Adjunct Professor Architecture Engineering Technology Cad,University Of The District Of Columbia,Washington,Part-time,Not Disclosed,https://udc.applicantstack.com/x/detail/a2hbyxhxqpg0,Not Available,On-site,Not Specified,General
Project Delivery Specialists,Deloitte Us,Arlington,Full-time,Not Disclosed,https://tallo.com/talent/job/technology/systems-analyst/va/arlington/sap-tpmitcm-project-delivery-c94e1d83,Not Available,On-site,Not Specified,General
Complex Director Of Engineering,Washington Marriott Capitol Hill,Washington,Full-time,Not Disclosed,https://lensa.com/job-v1/washington-marriott-capitol-hill/washington-dc/director-of-engineering/ff89c6626439f411213c0fbfd828e836,Not Available,On-site,Senior,General
It Professional,U.S. Navy,Greenbelt,Full-time and Part-time,Not Disclosed,https://www.monster.com/job-openings/it-professional-greenbelt-md--cbcb5ab9-20ac-4e84-a4b7-f57a84e62e35?mstr_dist=true,2026-03-20T00:00:00.000Z,On-site,Not Specified,General
"26 Speced Deaf/Hard-Of-Hearing Teacher, Es",Fairfax County Public Schools,Falls Church,Contractor,Not Disclosed,https://www.topschooljobs.org/job/2372113/26-speced-deaf-hard-of-hearing-teacher-es/,Not Available,On-site,Not Specified,General
Experienced Mothers Wanted To Help A Growing Family,Joy Of Life,Largo,Full-time,48.08,https://www.snagajob.com/jobs/1244407830,2026-03-22T00:00:00.000Z,On-site,Not Specified,General
Public Notice For Computer Engineer,Department Of Transportation,Alexandria,Full-time,53528,https://bandana.com/jobs/09cbed30-9321-4e02-84fd-bbd8b2f0a57c,2026-02-28T00:00:00.000Z,On-site,Not Specified,General
Security Officer - Unarmed Rover Security Clearance,Allied Universal,Herndon,Part-time,Not Disclosed,https://jobs.aus.com/job/herndon/security-officer-unarmed-rover-security-clearance/22950/92088248176,Not Available,On-site,Not Specified,General
"Fsm Overit Solutions Architect, Senior Manager",Pwc,Washington,Full-time,Not Disclosed,"https://www.ziprecruiter.com/c/Pwc/Job/FSM-OverIT-Solutions-Architect,-Senior-Manager/-in-Washington,DC?jid=f83563ede42decff",Not Available,On-site,Senior,General
"Travel Physical Therapist - $1,890 Per Week",Tnaa Totalmed Allied,Berwyn Heights,Contractor,Not Disclosed,https://jobs.womenforhire.com/job/usa/berwyn-heights-md/travel-physical-therapist-1-890-per-week-856802/,Not Available,On-site,Not Specified,General
"Travel Nurse Rn – Long Term Acute Care – $2,422 Per Week",Premier Medical Staffing Services,Clinton,,100K–140K a year,https://talents.vaia.com/companies/premier-medical-staffing-services/travel-nurse-rn-long-term-acute-care-2422-per-week-16681427/,Not Available,On-site,Not Specified,General
"Independent Cleaner: Flexible Hours, High-Paying Jobs",Knickerbocker Polish,Silver Spring,Full-time,Not Disclosed,https://www.jobleads.com/us/job/independent-cleaner-flexible-hours-high-paying-jobs--silver-spring--ed77565a89dfcee96af845c82caed9f6c,2026-03-23T00:00:00.000Z,On-site,Not Specified,General
Server,Chuy'S,Woodbridge,Full-time and Part-time,Not Disclosed,https://careers.chuys.com/search/jobdetails/server/9b1df2dc-6605-4328-a824-0845026c59a1,2026-03-13T00:00:00.000Z,On-site,Not Specified,General
Radiology Technologist Prn,Reston Hospital Center,Reston,,Not Disclosed,https://careers.hcahealthcare.com/jobs/17102125-radiology-technologist-prn,2026-03-26T00:00:00.000Z,On-site,Not Specified,General
Technical Delivery Manager (Fedciv),Appian,"Falls Church, Va  (+1 Other)",Full-time,Not Disclosed,https://www.talent.com/view?id=611145909596655274,2026-03-18T00:00:00.000Z,On-site,Senior,General
Automotive Electrical Technician,"Smart Start, Inc.",Springfield,Full-time,Not Disclosed,https://www.linkedin.com/jobs/view/automotive-electrical-technician-at-smart-start-inc-4370415754?utm_campaign=google_jobs_apply&utm_source=google_jobs_apply&utm_medium=organic,Not Available,On-site,Not Specified,General
"Outside Sales Specialist - Washington, Dc",Whizz,Washington,Full-time,Not Disclosed,"https://www.ziprecruiter.com/c/WHIZZ/Job/Outside-Sales-Specialist-Washington,-DC/-in-Washington,DC?jid=8ac147cdf66d32d4&utm_campaign=google_jobs_apply&utm_source=google_jobs_apply&utm_medium=organic",Not Available,On-site,Not Specified,Sales
Tax Senior - Global Information Reporting,Deloitte,Mclean,Full-time,Not Disclosed,https://www.indeed.com/viewjob?jk=df3a56ec04d65cbd&utm_campaign=google_jobs_apply&utm_source=google_jobs_apply&utm_medium=organic,Not Available,On-site,Senior,Business Intelligence
"Customer Service Representative; Accounting, Banking Or Healthcare Onsite",Medium,Rockville,Full-time,Not Disclosed,https://www.learn4good.com/jobs/rockville/maryland/customer_service/4960875223/e/?utm_campaign=google_jobs_apply&utm_source=google_jobs_apply&utm_medium=organic,2026-03-21T00:00:00.000Z,On-site,Not Specified,Finance
"$250,000 To $400,000 Per Year For Locum Physician (Md) - Obstetrics And Gynecology In Silver Spring, Md",Comphealth,Silver Spring,Full-time,Not Disclosed,https://www.locumjobsonline.com/job/1518161/office-based-obgyn-physicians-needed-in-maryland?source=jobs-specialty&specialty=obstetrics-and-gynecology&advanced=0&utm_campaign=google_jobs_apply&utm_source=google_jobs_apply&utm_medium=organic,2026-03-23T00:00:00.000Z,On-site,Not Specified,General
Sales Lead Position,Journeys,New Midway,Full-time,Not Disclosed,https://jobs.womenforhire.com/job/usa/new-midway-md/sales-lead-541304/?utm_campaign=google_jobs_apply&utm_source=google_jobs_apply&utm_medium=organic,2026-03-26T00:00:00.000Z,On-site,Senior,Sales
"兼职合作车主 |  华盛顿格罗夫, Md",Uber,Washington Grove,Part-time,Not Disclosed,https://www.uber.com/us/zh/e/drive/washington-grove-md-us/?utm_campaign=google_jobs_apply&utm_source=google_jobs_apply&utm_medium=organic,2026-03-26T00:00:00.000Z,On-site,Not Specified,General
Manufacturing Technician,Adecco,Ashton-Sandy Spring,Full-time,Not Disclosed,https://www.whatjobs.com/jobs/manufacturing-technician/sandy-spring-maryland?id=2564053902&utm_campaign=google_jobs_apply&utm_source=google_jobs_apply&utm_medium=organic,2026-03-18T00:00:00.000Z,On-site,Not Specified,General
Isse Senior,Amentum,Germantown,Full-time,Not Disclosed,https://bandana.com/jobs/525ba4c7-8fac-409d-85c2-1ec538214df5?utm_campaign=google_jobs_apply&utm_source=google_jobs_apply&utm_medium=organic,Not Available,On-site,Senior,General
It Service Desk Supervisor,Bowie State University,Maryland,Full-time,Not Disclosed,https://www.linkedin.com/jobs/view/it-service-desk-supervisor-at-bowie-state-university-4377447246?utm_campaign=google_jobs_apply&utm_source=google_jobs_apply&utm_medium=organic,2026-03-18T00:00:00.000Z,On-site,Not Specified,General
Cashier Associate,Aldi,Bristow,Full-time,Not Disclosed,https://aldi.talentjobshub.com/jobslistings/s10hdjac7q04-d10e4e3f1dad8-205d230b-7c21-84f8cab?utm_campaign=google_jobs_apply&utm_source=google_jobs_apply&utm_medium=organic,2026-03-27T00:00:00.000Z,On-site,Junior,General
Senior Architect - Security Clearance Required,Jacobs,Herndon,Full-time,Not Disclosed,https://jacobs.jobs/herndon-va/senior-architect-security-clearance-required/B82E5E7EB0194299A18CA77EFB432CD5/job/?utm_campaign=google_jobs_apply&utm_source=google_jobs_apply&utm_medium=organic,Not Available,On-site,Senior,General
Stylist,"Ulta Beauty, Inc.",Manassas,Full-time,Not Disclosed,https://careers.ulta.com/careers/jobs/469310?lang=en-us&utm_campaign=google_jobs_apply&utm_source=google_jobs_apply&utm_medium=organic,2026-02-26T00:00:00.000Z,On-site,Not Specified,General
Oncology Medical Assistant - Patient Care & Clinic Support,Us Oncology Network-Wide Career Opportunities,Fairfax,Full-time,Not Disclosed,https://www.jobleads.com/us/job/oncology-medical-assistant-patient-care-clinic-support--fairfax--e1c732d729ed2555e727a95d254fa1efc?utm_campaign=google_jobs_apply&utm_source=google_jobs_apply&utm_medium=organic,2026-03-25T00:00:00.000Z,On-site,Junior,Healthcare
Registered Nurse (Rn) Operating Room - Relocation Offered!,Medstar Health,Ellicott City,Full-time,Not Disclosed,https://jobs.womenforhire.com/job/usa/woodstock-md/registered-nurse-rn-operating-room-relocation-offered-025861/?utm_campaign=google_jobs_apply&utm_source=google_jobs_apply&utm_medium=organic,2026-03-27T00:00:00.000Z,On-site,Not Specified,General
Experienced Surety Bond Desk Adjuster,Sedgwick,Annapolis,Full-time,Not Disclosed,https://dejobs.org/annapolis-md/experienced-surety-bond-desk-adjuster/BDDF8E5E65904D7FB91E3C0C7675F231/job/?utm_campaign=google_jobs_apply&utm_source=google_jobs_apply&utm_medium=organic,Not Available,On-site,Not Specified,General
Arbor Sales Representative,"Braveview, Inc.",Falls Church,Full-time,Not Disclosed,"https://www.ziprecruiter.com/c/BraveView/Job/Arbor-Sales-Representative/-in-Falls-Church,VA?jid=1b7505edfcc13003&utm_campaign=google_jobs_apply&utm_source=google_jobs_apply&utm_medium=organic",Not Available,On-site,Not Specified,Sales
Job Coach,"Hands Of Hope Services, Inc",Lanham,Full-time,Not Disclosed,"https://www.glassdoor.com/job-listing/job-coach-hands-of-hope-services-inc-JV_IC1153870_KO0,9_KE10,36.htm?jl=1010064511749&utm_campaign=google_jobs_apply&utm_source=google_jobs_apply&utm_medium=organic",2026-03-13T00:00:00.000Z,On-site,Not Specified,General
Front Desk Sales Associate [Draft],Massage Envy,Dumfries,Full-time,Not Disclosed,https://www.indeed.com/viewjob?jk=63828e11fc4098f7&utm_campaign=google_jobs_apply&utm_source=google_jobs_apply&utm_medium=organic,2026-03-24T00:00:00.000Z,On-site,Junior,Sales
Evening Data Entry – Start This Week,Opinionaura,Lanham,Part-time,Not Disclosed,https://flexwork.justopinionjobs.com/listings/vodotuib4aj0-2e2013342db31-42b5e-9c1dc67016-97f7?utm_campaign=google_jobs_apply&utm_source=google_jobs_apply&utm_medium=organic,2026-03-22T00:00:00.000Z,On-site,Junior,General
Adjunct Faculty – Sociology,Carroll Community College,Westminster,Full-time,Not Disclosed,https://careers.insidehighered.com/job/2704333/adjunct-faculty-sociology/?utm_campaign=google_jobs_apply&utm_source=google_jobs_apply&utm_medium=organic,Not Available,On-site,Not Specified,General
Order Picker/Packer,Coca Cola,Potomac,Full-time,Not Disclosed,https://employeverse.emplevista.com/joblistings/ibpthe3qpdo9-898e65f6bd70f1578a54b7334c14-9cc4?utm_campaign=google_jobs_apply&utm_source=google_jobs_apply&utm_medium=organic,2026-03-15T00:00:00.000Z,On-site,Not Specified,General
"Travel Nurse Rn - Cardiac Cath Lab - $3,110 Per Week",Olaro,Reisterstown,Contractor,Not Disclosed,https://jobs.womenforhire.com/job/usa/reisterstown-md/travel-nurse-rn-cardiac-cath-lab-3-110-per-week-846858/?utm_campaign=google_jobs_apply&utm_source=google_jobs_apply&utm_medium=organic,2026-03-26T00:00:00.000Z,On-site,Not Specified,General
Front Desk Agent - Part-Time,Donohoe Hospitality Services,Hanover,Part-time,Not Disclosed,https://www.snagajob.com/jobs/1239030209?utm_campaign=google_jobs_apply&utm_source=google_jobs_apply&utm_medium=organic,2026-03-06T00:00:00.000Z,On-site,Not Specified,General
Pt Sales Associate Iii 1,Coach,Leesburg,Full-time,Not Disclosed,"https://us.fashionjobs.com/job/coach/Pt-sales-associate-iii-1,11328582.html?utm_campaign=google_jobs_apply&utm_source=google_jobs_apply&utm_medium=organic",2026-03-16T00:00:00.000Z,On-site,Junior,Sales
Product Support Specialist,Virtualvocations,Rockville,Full-time,Not Disclosed,https://www.talent.com/view?id=538505885522276313&utm_campaign=google_jobs_apply&utm_source=google_jobs_apply&utm_medium=organic,Not Available,On-site,Not Specified,Product
Foreign Pharmacy Grad - International Pharmacy Intern,Cvs Health,Frederick,Full-time,Not Disclosed,https://jobs.cvshealth.com/us/en/job/R0867726/Foreign-Pharmacy-Grad-International-Pharmacy-Intern?utm_campaign=google_jobs_apply&utm_source=google_jobs_apply&utm_medium=organic,2026-03-27T00:00:00.000Z,On-site,Junior,General
Senior Controls Project Manager,Combustioneer Corporation,Rockville,Full-time,Not Disclosed,"https://www.ziprecruiter.com/c/Combustioneer-Corporation/Job/Senior-Controls-Project-Manager/-in-Rockville,MD?jid=d5d3301303c0f3ea&utm_campaign=google_jobs_apply&utm_source=google_jobs_apply&utm_medium=organic",2026-03-21T00:00:00.000Z,On-site,Senior,General
Teller Pt 20 (Cosner Corner),Atlantic Union Bank,Fredericksburg,Part-time,Not Disclosed,https://www.linkedin.com/jobs/view/teller-pt-20-cosner-corner-at-atlantic-union-bank-4390032313?utm_campaign=google_jobs_apply&utm_source=google_jobs_apply&utm_medium=organic,2026-03-26T00:00:00.000Z,On-site,Not Specified,General
Travel Ct Tech - $2469.6 / Week,Host Healthcare,Annapolis,,Not Disclosed,https://jobs.kget.com/jobs/travel-ct-tech-2469.6-week-annapolis-maryland/2669350574-2/?utm_campaign=google_jobs_apply&utm_source=google_jobs_apply&utm_medium=organic,2026-03-15T00:00:00.000Z,On-site,Not Specified,General
Cdl-A Team Lease Purchase Truck Driver - New 2022 Pay Increase!,John Christner Trucking,Frederick,Full-time,Not Disclosed,https://www.monster.com/job-openings/cdl-a-team-lease-purchase-truck-driver-new-2022-pay-increase-frederick-md--805ab591-6be5-409a-a02b-c46675bb2379?utm_campaign=google_jobs_apply&utm_source=google_jobs_apply&utm_medium=organic,Not Available,On-site,Not Specified,General
Preload Supervisors,Uoh Ups Inc (Ohio),Warrenton,Full-time,Not Disclosed,https://tallo.com/talent/job/business/warehouse-or-distribution-supervisor/va/warrenton/pt-preload-supervisor-d4c97b27,2026-03-10T00:00:00.000Z,On-site,Not Specified,General
"Cdl A Truck Driver: Home Daily, Drop/Hook",11V Logistics,Baltimore,Full-time,250–350 a day,https://www.indeed.com/viewjob?jk=4c1a2be4e557437c,2026-03-24T00:00:00.000Z,On-site,Not Specified,Data Science & AI
Facilities - Cm Resident Engineer (Rail/Transit),"Johnson, Mirmiran & Thompson",Maryland,Full-time,Not Disclosed,"https://www.milwaukeejobs.com/j/t-Facilities-CM-Resident-Engineer-RailTransit-e-Johnson-Mirmiran-Thompson-l-Hunt-Valley,-MD-jobs-j86251834.html",2026-02-27T00:00:00.000Z,On-site,Not Specified,Data Science & AI
Direct Support Professional – Dsp – Weekdays,"Nplh Service Group, Inc",Lochearn,Full-time,"35,360–38,540 a year",https://talents.vaia.com/companies/nplh-service-group-inc/direct-support-professional-dsp-weekdays-36237207/,Not Available,On-site,Not Specified,General
Site Safety Specialist (Entry-Level),Jda Safety Consulting,Fredericksburg,Full-time,30–42 an hour,https://jobs.vpppa.org/jobs/291712244-site-safety-specialist-entry-level,Not Available,On-site,Junior,General
Se Linux / Mls System Administrator,Lockheed Martin,Calverton,Full-time,Not Disclosed,https://jobs.stevenagefc.com/jobs/se-linux-mls-system-administrator-calverton-virginia/2680438382-2/,2026-03-22T00:00:00.000Z,On-site,Not Specified,Product
Senior Lead Mechanical Engineer,Gh Engage,Baltimore,Full-time,140K–200K a year,https://www.linkedin.com/jobs/view/senior-lead-mechanical-engineer-at-gh-engage-4389717467,2026-03-25T00:00:00.000Z,On-site,Senior,General
Staff Nurse,Kaiser Permanente,Baltimore,Full-time,47K–64K a year,https://www.jobzmall.com/kaiser-permanente/job/staff-nurse-13,Not Available,On-site,Not Specified,General
"Turn Gaming Into Cash: Flexible, On-Demand Tasks",Free Cash By Almedia,Timonium,Full-time,60K–80K a year,https://www.jobleads.com/us/job/turn-gaming-into-cash-flexible-on-demand-tasks--timonium--e22ad2371f2d254c9a7759e05a5e18866,2026-03-26T00:00:00.000Z,On-site,Not Specified,General
General Manager - Full-Time / Part-Time,Ihop,Owings Mills,Full-time and Part-time,Not Disclosed,https://www.snagajob.com/jobs/1152635133,2026-03-13T00:00:00.000Z,On-site,Senior,General
Game Room Attendant - Cast Member,Chuck E. Cheese,Baltimore,Part-time,16–18 an hour,"https://www.ziprecruiter.com/c/Chuck-E.-Cheese/Job/Game-Room-Attendant-Cast-Member/-in-Baltimore,MD?jid=d97440d0bd33bbbc",Not Available,On-site,Not Specified,General
Hotel Housekeeper,Embassy Suites Hunt Valley,Cockeysville,Full-time,Not Disclosed,https://www.indeed.com/viewjob?jk=421aefc382f57393,2026-03-25T00:00:00.000Z,On-site,Not Specified,General
Store Marketing Representative - Westminister,"Blue Dot Heating, Air Conditioning",Libertytown,Full-time,Not Disclosed,https://jobs.womenforhire.com/job/usa/libertytown-md/store-marketing-representative-westminister-579201/,2026-03-24T00:00:00.000Z,On-site,Not Specified,Marketing
"Licensed Practical Nurse, Medical Assistant, Surgical Services",Mary Washington Healthcare,Fredericksburg,Full-time,Not Disclosed,https://simplify.jobs/p/f745c8eb-196f-47e8-bb7e-d36129548b54/Licensed-Practical-Nurse,2026-02-27T00:00:00.000Z,On-site,Junior,Healthcare
Staff Systems Architect (Demo Architecture),Northrop Grumman,Annapolis Junction,Full-time,119K–170K a year,https://www.jobzmall.com/northrop-grumman/job/staff-systems-architect-demo-architecture,Not Available,On-site,Not Specified,General
Shop And Deliver - No Experience Required,Instacart Shoppers,Rison,Part-time,Not Disclosed,https://www.snagajob.com/jobs/1157345793,2026-03-20T00:00:00.000Z,On-site,Not Specified,General
Public Relations Specialist,Sage Dining Services,Timonium,Full-time,75000,https://bandana.com/jobs/2de83ed9-7e5f-4685-ba45-587739f6a2e5,Not Available,On-site,Not Specified,General
Route Sales Driver,Pepsico,Morningside,Full-time,Not Disclosed,https://leadingjobs.findworksdaily.com/joblistings/0f64ngjbdkfo-d20daef32-664804b-55b14f3e7e554-353?utm_campaign=google_jobs_apply&utm_source=google_jobs_apply&utm_medium=organic,2026-03-17T00:00:00.000Z,On-site,Not Specified,Sales
